,,,,"? ????? ????? ?????
? ????? ???????? ?????
? ????? ?? ????? ???????? ?????
? ????? ???????? ?????",,,,,,,
,,,,,,,,,,,
,,,,,,,,,,,
,,,,,,,,,,,
,,,,,,,,,,,
,,,,,,,,,,,
,,,,,,,,,,,
,??? (                        ),,,,????? (                        ),,,,?????? ??? (                  ),,
????? ?????,,,,,,,,,,,
????,???,,,,,,,,,,
,???? ???,,,,,,,,,,
,???? ???,,,,,,,,,,
???? ????,,,,,,,,,,,
???? ??????,,,,,,,,,,,
????????,,???????? ??????,??????,????,,,,,,,
,,,,,,,,,,,
,,,,,,,,,,,
,,,,,,,,,,,
,,,,,,,,,,,
,,,,,,,,,,,
,,,,,,,,,,,
,,,,,?  ???? ??? ??????? ??????? ? ???? ????,,,,,?????,????
,,,,,??   36  ??   40  ,,,,,??????,???
,,,,,??   30  ??   35.99  ,,,,,,?
,,,,,??   24  ??   29.99 ,,,,,,?
,,,,,??   20  ??   23.99  ,,,,,,?
,,,,,,,,,,??????? ???,?
,,,,,,,,,,,
,,,,,,,,,,,
,,,,,?  ???? ??? ??????? ?? ???? ??????? ? ???? ???? ????,,,,,?????,????
,,,,,??   90  ??   100  ,,,,,??????,???
,,,,,??   75  ??   89.99  ,,,,,,?
,,,,,??   60  ??   74.99  ,,,,,,?
,,,,,??   50  ??   59.99  ,,,,,,?
,,,,,,,,,,?????,?
,,,,,,,,,,,
,,,,,,,,,,? ????? ?????,
,,,,,,,,,,,
,,,,,???? ??????,,???? ??? ???????,,,?????? ???,
,,,,,,,,,,? ????? ? ?????? ??????,
,,,,,,,,,,,
,,,,,,,,,,?????? ??????? ??????,
????? ?????,?????? ???,,,,,,,,,,
,????,,,,,,,,,???? ?????? ??????,
,??? ????,,,,,,,,,,
,????,,,,,,,,,???? ?????? ? ??? ??????,
,????,,,,,,,,,,
,,,,,,,,,,,
,,,,,,,,,,,
,,,,,,,,,,,
,,,,,,,,,,,
,,,,,,,,,,,
,,,,,,,,,,,
,,,,,,,,,,,
,,,,,,,,,,,
,,,,,,,,,,,
,,,,,,,,,,,
,,,,,,,,,,,
,,,,,,,,,,,
,,,,,,,,,,,
,,,,,,,,,,,
,,,,,,,,,,,
,,,,,,,,,,,
,,,,,,,,,,,
,,,,,,,,,,,
,,,,,,,,,,,
,,,,,,,,,,,
,,,,,,,,,,,
,,,,,,,,,,,
,,,,,,,,,,,
,,,,,,,,,,,
,,,,,,,,,,,
,,,,,,,,,,,
,,,,,,,,,,,
,,,,,,,,,,,
,,,,,,,,,,,
,,,,,,,,,,,
,,,,,,,,,,,
,,,,,,,,,,,
,,,,,,,,,,,
,,,,,,,,,,,
,,,,,,,,,,,
,,,,,,,,,,,
,,,,,,,,,,,
,,,,,,,,,,,
,,,,,,,,,,,
,,,,,,,,,,,
,,,,,,,,,,,
,,,,,,,,,,,
,,,,,,,,,,,
,,,,,,,,,,,
,,,,,,,,,,,
,,,,,,,,,,,
,,,,,,,,,,,
